{
  "benefits_rate": 0.0974147534246224,
  "variable_pay_rate": 0.03951067096020249,
  "payroll_tax_rate": 0.048707376771107806,
  "meal_per_hc": 633.2573343124606,
  "travel_per_wfo": 1321.3724210174526,
  "salary_uplift": 0.8592987703910566,
  "per_fte_it_license": 2857.735016196967,
  "per_fte_admin": 422.17156832307217,
  "per_fte_hr": 580.4858925280847,
  "per_fte_learning": 369.4001171544565,
  "per_wfo_rent": 7883.909977569571,
  "per_wfo_utilities": 367.91576528817575,
  "cost_per_hire": 151679.99611111113,
  "cost_per_device": 398371.29092592595,
  "overtime_per_exit": 0.0,
  "training_per_hire": 0.0,
  "training_per_hc_base": 475.89771314118934,
  "wfh_pct": 0.2004149950684807,
  "engagement_seasonal_per_fte": {
    "1": 414.995593220339,
    "2": 424.73516666666666,
    "3": 1031.0886666666668,
    "4": 408.079,
    "5": 408.079,
    "6": 2295.244745762712,
    "7": 411.2743464912281,
    "8": 927.2463684210526,
    "9": 424.1401447368421,
    "10": 3141.4387704918036,
    "11": 1177.6689444923784,
    "12": 1496.3802401495543
  },
  "rates_lookback_months": 18
}