{
  "per_fte_it_license": 3200.0,
  "per_fte_admin": 1500.0,
  "per_fte_hr": 800.0,
  "per_fte_learning": 600.0,
  "per_wfo_rent": 8000.0,
  "per_wfo_utilities": 1200.0,
  "cost_per_hire": 37785.75185185185,
  "cost_per_device": 45000.0,
  "overtime_per_exit": 120664.71296296295,
  "training_per_hire": 18165.596292685776,
  "training_per_hc_base": 2201.489349859418,
  "wfh_pct": 0.25037895885218064,
  "engagement_seasonal_per_fte": {
    "1": 1080.0,
    "2": 1080.0,
    "3": 1060.0,
    "4": 1100.0,
    "5": 1100.0,
    "6": 1050.0,
    "7": 1350.0,
    "8": 1000.0,
    "9": 1150.0,
    "10": 1150.0,
    "11": 1316.0,
    "12": 1175.0
  },
  "rates_lookback_months": 18
}