{
  "benefits_rate": 0.0990170589359295,
  "variable_pay_rate": 0.05911490640045472,
  "payroll_tax_rate": 0.04950852951166008,
  "meal_per_hc": 922.4204048900416,
  "travel_per_wfo": 2906.32357457127,
  "salary_uplift": 1.229893469552694,
  "per_fte_it_license": 3443.702827149183,
  "per_fte_admin": 614.9469442820159,
  "per_fte_hr": 845.5520148933509,
  "per_fte_learning": 538.0785623368549,
  "per_wfo_rent": 18716.616911650053,
  "per_wfo_utilities": 2640.599504578679,
  "cost_per_hire": 294085.35333333333,
  "cost_per_device": 200519.25666666665,
  "overtime_per_exit": 723917.478125,
  "training_per_hire": 0.0,
  "training_per_hc_base": 1407.0736841185055,
  "wfh_pct": 0.4691744750511796,
  "engagement_seasonal_per_fte": {
    "1": 605.6830303030304,
    "2": 630.3761538461538,
    "3": 1807.746153846154,
    "4": 632.41828125,
    "5": 632.41828125,
    "6": 3785.183606557377,
    "7": 588.6292362428842,
    "8": 1251.2620427881297,
    "9": 591.4234467040674,
    "10": 3833.530254901961,
    "11": 34784.87066791044,
    "12": 2284.310236318408
  },
  "rates_lookback_months": 18
}