{
  "benefits_rate": 0.09858432274922611,
  "variable_pay_rate": 0.04531951786827196,
  "payroll_tax_rate": 0.04929216138632989,
  "meal_per_hc": 703.054514244626,
  "travel_per_wfo": 1407.0819457595169,
  "salary_uplift": 0.9424017597458209,
  "per_fte_it_license": 1148.3223662253101,
  "per_fte_admin": 468.70299269331684,
  "per_fte_hr": 644.4666325784157,
  "per_fte_learning": 410.11514028167414,
  "per_wfo_rent": 7618.989480793684,
  "per_wfo_utilities": 410.25328002157175,
  "cost_per_hire": 128588.2457878788,
  "cost_per_device": 110799.98324242422,
  "overtime_per_exit": 137807.01,
  "training_per_hire": 0.0,
  "training_per_hc_base": 457.0506045574813,
  "wfh_pct": 0.1670981985215506,
  "engagement_seasonal_per_fte": {
    "1": 457.72992366412217,
    "2": 462.39828358208956,
    "3": 1292.7654744525546,
    "4": 466.8621897810219,
    "5": 466.8621897810219,
    "6": 2887.8258823529413,
    "7": 471.4719574340528,
    "8": 885.226723520382,
    "9": 464.32972555222557,
    "10": 2782.567964409722,
    "11": 15502.469120410839,
    "12": 14298.083079381555
  },
  "rates_lookback_months": 18
}