{
  "benefits_rate": 0.0980463365057214,
  "variable_pay_rate": 0.05757582127852358,
  "payroll_tax_rate": 0.04902316783908589,
  "meal_per_hc": 491.6600923710034,
  "travel_per_wfo": 1109.2351602617657,
  "salary_uplift": 0.7,
  "per_fte_it_license": 1147.2068442861664,
  "per_fte_admin": 327.7733866729978,
  "per_fte_hr": 450.6883602089269,
  "per_fte_learning": 286.8017631212408,
  "per_wfo_rent": 7778.533023670287,
  "per_wfo_utilities": 286.5774925508215,
  "cost_per_hire": 178980.124375,
  "cost_per_device": 110416.79020833335,
  "overtime_per_exit": 0.0,
  "training_per_hire": 0.0,
  "training_per_hc_base": 431.29626507223384,
  "wfh_pct": 0.2561665083887306,
  "engagement_seasonal_per_fte": {
    "1": 314.61851851851856,
    "2": 314.61851851851856,
    "3": 677.3199999999999,
    "4": 259.83799999999997,
    "5": 259.83799999999997,
    "6": 1378.9076,
    "7": 341.4455384615385,
    "8": 772.1432264957265,
    "9": 357.4981481481482,
    "10": 2494.112037037037,
    "11": 45916.58952991453,
    "12": 24369.762692307693
  },
  "rates_lookback_months": 18
}