{
  "per_fte_it_license": 3200.0,
  "per_fte_admin": 1500.0,
  "per_fte_hr": 800.0,
  "per_fte_learning": 600.0,
  "per_wfo_rent": 8000.0,
  "per_wfo_utilities": 1200.0,
  "cost_per_hire": 36381.80392156862,
  "cost_per_device": 45000.0,
  "overtime_per_exit": 155470.96666666667,
  "training_per_hire": 4304.628435682979,
  "training_per_hc_base": 2515.454482541412,
  "wfh_pct": 0.448498556128014,
  "engagement_seasonal_per_fte": {
    "1": 1269.0,
    "2": 1080.0,
    "3": 1245.5,
    "4": 1100.0,
    "5": 1100.0,
    "6": 1050.0,
    "7": 1000.0,
    "8": 1000.0,
    "9": 1552.5,
    "10": 1150.0,
    "11": 1120.0,
    "12": 1000.0
  },
  "rates_lookback_months": 18
}