{
  "per_fte_it_license": 3200.0,
  "per_fte_admin": 1500.0,
  "per_fte_hr": 800.0,
  "per_fte_learning": 600.0,
  "per_wfo_rent": 8000.0,
  "per_wfo_utilities": 1200.0,
  "cost_per_hire": 36384.19270833333,
  "cost_per_device": 45000.0,
  "overtime_per_exit": 140960.00925925927,
  "training_per_hire": 298.32351248816286,
  "training_per_hc_base": 2655.8379816579913,
  "wfh_pct": 0.30082363958424496,
  "engagement_seasonal_per_fte": {
    "1": 1080.0,
    "2": 1080.0,
    "3": 1060.0,
    "4": 1100.0,
    "5": 1100.0,
    "6": 1050.0,
    "7": 1000.0,
    "8": 1350.0,
    "9": 1150.0,
    "10": 1351.25,
    "11": 1120.0,
    "12": 1175.0
  },
  "rates_lookback_months": 18
}