{
  "per_fte_it_license": 3200.0,
  "per_fte_admin": 1500.0,
  "per_fte_hr": 800.0,
  "per_fte_learning": 600.0,
  "per_wfo_rent": 8000.0,
  "per_wfo_utilities": 1200.0,
  "cost_per_hire": 38804.270833333336,
  "cost_per_device": 45000.0,
  "overtime_per_exit": 152289.5,
  "training_per_hire": 2067.4220147229025,
  "training_per_hc_base": 2593.6928548941332,
  "wfh_pct": 0.4015940865792235,
  "engagement_seasonal_per_fte": {
    "1": 1080.0,
    "2": 1080.0,
    "3": 1431.0,
    "4": 1100.0,
    "5": 1100.0,
    "6": 1417.4918032786886,
    "7": 1000.0,
    "8": 1000.0,
    "9": 1150.0,
    "10": 1150.0,
    "11": 1120.0,
    "12": 1000.0
  },
  "rates_lookback_months": 18
}