{
  "benefits_rate": 0.09754616863477893,
  "variable_pay_rate": 0.037588079116394724,
  "payroll_tax_rate": 0.04877308425541248,
  "meal_per_hc": 797.3725660679477,
  "travel_per_wfo": 1852.6139082214083,
  "salary_uplift": 1.0822258951993302,
  "per_fte_it_license": 930.2681355472014,
  "per_fte_admin": 531.5818121693122,
  "per_fte_hr": 730.9248224032303,
  "per_fte_learning": 465.13403926482874,
  "per_wfo_rent": 9236.93667969068,
  "per_wfo_utilities": 461.8467372812372,
  "cost_per_hire": 142401.0,
  "cost_per_device": 95300.95999999999,
  "overtime_per_exit": 0.0,
  "training_per_hire": 0.0,
  "training_per_hc_base": 362.9547905457341,
  "wfh_pct": 0.2833542188805347,
  "engagement_seasonal_per_fte": {
    "1": 549.6575,
    "2": 524.673,
    "3": 1221.1605,
    "4": 524.673,
    "5": 524.673,
    "6": 3016.575,
    "7": 537.427694235589,
    "8": 1161.8685,
    "9": 534.351,
    "10": 3236.3630000000003,
    "11": 31030.110249999998,
    "12": 2036.3469999999998
  },
  "rates_lookback_months": 18
}