{
  "benefits_rate": 0.09752142088371842,
  "variable_pay_rate": 0.05287067295181864,
  "payroll_tax_rate": 0.04876071066587934,
  "meal_per_hc": 626.0618738628523,
  "travel_per_wfo": 1344.3777255809732,
  "salary_uplift": 0.8502775368974054,
  "per_fte_it_license": 3080.2582269381182,
  "per_fte_admin": 417.3745492711797,
  "per_fte_hr": 573.889979034653,
  "per_fte_learning": 365.2027312984922,
  "per_wfo_rent": 14847.420982661582,
  "per_wfo_utilities": 2264.3706778776323,
  "cost_per_hire": 312956.14749999996,
  "cost_per_device": 231163.60333333336,
  "overtime_per_exit": 0.0,
  "training_per_hire": 0.0,
  "training_per_hc_base": 672.2835058869326,
  "wfh_pct": 0.2247265616830834,
  "engagement_seasonal_per_fte": {
    "1": 347.6095652173913,
    "2": 391.0604347826087,
    "3": 1208.0031818181817,
    "4": 408.83590909090907,
    "5": 408.83590909090907,
    "6": 2195.3195454545453,
    "7": 407.14680830039526,
    "8": 851.631387163561,
    "9": 438.3477272727273,
    "10": 3162.2860064935066,
    "11": 83235.69351731602,
    "12": 30062.260238095234
  },
  "rates_lookback_months": 18
}