{
  "Technology": {
    "round_1": {
      "closing_hc": {
        "mape": 0.9647686339225451,
        "mae": 1.6553022571730291,
        "dir_acc": 100.0,
        "selected_order": [
          1,
          1,
          1
        ],
        "selected_seasonal_order": [
          0,
          1,
          0,
          12
        ]
      },
      "attrition_pct": {
        "mape": 19.595959595959588,
        "mae": 0.03004616664052448,
        "dir_acc": 0.0,
        "selected_order": [
          0,
          1,
          0
        ],
        "selected_seasonal_order": [
          0,
          0,
          0,
          0
        ]
      },
      "avg_salary": {
        "mape": 0.4394591143383638,
        "mae": 10001.072701428551,
        "dir_acc": 100.0,
        "selected_order": [
          0,
          1,
          1
        ],
        "selected_seasonal_order": [
          0,
          1,
          0,
          12
        ]
      },
      "engagement": {
        "mape": 19.69916853834402,
        "mae": 45701.94289006834,
        "dir_acc": 50.0,
        "selected_order": [
          1,
          1,
          1
        ],
        "selected_seasonal_order": [
          0,
          1,
          0,
          12
        ]
      },
      "other_indirect": {
        "mape": 10.247583404293515,
        "mae": 9320.83078613801,
        "dir_acc": 100.0,
        "selected_order": [
          1,
          1,
          1
        ],
        "selected_seasonal_order": [
          0,
          1,
          0,
          12
        ]
      }
    },
    "round_2": {
      "closing_hc": {
        "mape": 0.9255752659871781,
        "mae": 1.6312748521668539,
        "dir_acc": 50.0,
        "selected_order": [
          1,
          1,
          1
        ],
        "selected_seasonal_order": [
          0,
          1,
          0,
          12
        ]
      },
      "attrition_pct": {
        "mape": 15.552325581395351,
        "mae": 0.042172967424903514,
        "dir_acc": 0.0,
        "selected_order": [
          0,
          1,
          0
        ],
        "selected_seasonal_order": [
          0,
          0,
          0,
          0
        ]
      },
      "avg_salary": {
        "mape": 0.3250185052608939,
        "mae": 7514.3670534106595,
        "dir_acc": 50.0,
        "selected_order": [
          0,
          1,
          1
        ],
        "selected_seasonal_order": [
          0,
          1,
          0,
          12
        ]
      },
      "engagement": {
        "mape": 11.539565947039836,
        "mae": 28358.30099305602,
        "dir_acc": 50.0,
        "selected_order": [
          1,
          1,
          1
        ],
        "selected_seasonal_order": [
          0,
          1,
          0,
          12
        ]
      },
      "other_indirect": {
        "mape": 8.411457930326666,
        "mae": 6917.167748512249,
        "dir_acc": 100.0,
        "selected_order": [
          1,
          1,
          1
        ],
        "selected_seasonal_order": [
          0,
          1,
          0,
          12
        ]
      }
    }
  },
  "Operations": {
    "round_1": {
      "closing_hc": {
        "mape": 2.8609174880551054,
        "mae": 3.3253813413913114,
        "dir_acc": 50.0,
        "selected_order": [
          1,
          1,
          1
        ],
        "selected_seasonal_order": [
          0,
          1,
          0,
          12
        ]
      },
      "attrition_pct": {
        "mape": 54.05405405405407,
        "mae": 0.11375479705788238,
        "dir_acc": 0.0,
        "selected_order": [
          0,
          1,
          0
        ],
        "selected_seasonal_order": [
          0,
          0,
          0,
          0
        ]
      },
      "avg_salary": {
        "mape": 1.1255863924613947,
        "mae": 17007.131433505954,
        "dir_acc": 100.0,
        "selected_order": [
          0,
          1,
          1
        ],
        "selected_seasonal_order": [
          0,
          1,
          0,
          12
        ]
      },
      "engagement": {
        "mape": 19.342244966760468,
        "mae": 27845.47915024942,
        "dir_acc": 0.0,
        "selected_order": [
          1,
          1,
          1
        ],
        "selected_seasonal_order": [
          0,
          1,
          0,
          12
        ]
      },
      "other_indirect": {
        "mape": 21.989933754922298,
        "mae": 14385.640575002808,
        "dir_acc": 0.0,
        "selected_order": [
          0,
          1,
          1
        ],
        "selected_seasonal_order": [
          0,
          1,
          0,
          12
        ]
      }
    },
    "round_2": {
      "closing_hc": {
        "mape": 3.4958392444594,
        "mae": 4.205292087950194,
        "dir_acc": 0.0,
        "selected_order": [
          1,
          1,
          1
        ],
        "selected_seasonal_order": [
          0,
          1,
          0,
          12
        ]
      },
      "attrition_pct": {
        "mape": 35.919540229885044,
        "mae": 0.03795551159665711,
        "dir_acc": 0.0,
        "selected_order": [
          0,
          1,
          0
        ],
        "selected_seasonal_order": [
          0,
          0,
          0,
          0
        ]
      },
      "avg_salary": {
        "mape": 1.0313262524544775,
        "mae": 15759.450393396042,
        "dir_acc": 50.0,
        "selected_order": [
          0,
          1,
          1
        ],
        "selected_seasonal_order": [
          0,
          1,
          0,
          12
        ]
      },
      "engagement": {
        "mape": 11.82732427152171,
        "mae": 15221.342094731686,
        "dir_acc": 0.0,
        "selected_order": [
          1,
          1,
          1
        ],
        "selected_seasonal_order": [
          0,
          1,
          0,
          12
        ]
      },
      "other_indirect": {
        "mape": 8.776541106615559,
        "mae": 5341.466225366438,
        "dir_acc": 50.0,
        "selected_order": [
          0,
          1,
          1
        ],
        "selected_seasonal_order": [
          0,
          1,
          0,
          12
        ]
      }
    }
  },
  "Finance": {
    "round_1": {
      "closing_hc": {
        "mape": 3.0594259280931153,
        "mae": 2.0046940027238,
        "dir_acc": 0.0,
        "selected_order": [
          1,
          1,
          0
        ],
        "selected_seasonal_order": [
          1,
          0,
          0,
          12
        ]
      },
      "attrition_pct": {
        "mape": 32.82051282051282,
        "mae": 0.11666144800473159,
        "dir_acc": 50.0,
        "selected_order": [
          0,
          1,
          0
        ],
        "selected_seasonal_order": [
          0,
          0,
          0,
          0
        ]
      },
      "avg_salary": {
        "mape": 0.47339481780897624,
        "mae": 8943.825218479149,
        "dir_acc": 100.0,
        "selected_order": [
          0,
          1,
          1
        ],
        "selected_seasonal_order": [
          0,
          1,
          0,
          12
        ]
      },
      "engagement": {
        "mape": 1.623882507191556,
        "mae": 1181.0958775298157,
        "dir_acc": 100.0,
        "selected_order": [
          1,
          1,
          1
        ],
        "selected_seasonal_order": [
          0,
          1,
          0,
          12
        ]
      },
      "other_indirect": {
        "mape": 22.537398179235137,
        "mae": 8097.730127920972,
        "dir_acc": 50.0,
        "selected_order": [
          0,
          1,
          1
        ],
        "selected_seasonal_order": [
          0,
          1,
          0,
          12
        ]
      }
    },
    "round_2": {
      "closing_hc": {
        "mape": 5.780727181061285,
        "mae": 3.9626273359527224,
        "dir_acc": 0.0,
        "selected_order": [
          1,
          1,
          0
        ],